code,name,overall,treatment,morale,openness,growth_20s,longterm,compliance,evaluation,respondents,fetched_at,source_url,status
1948,,,,,,,,,,,2026-08-01,,unavailable
2001,,,,,,,,,,,2026-08-01,,unavailable
2674,,,,,,,,,,,2026-08-01,,unavailable
3191,,,,,,,,,,,2026-08-01,,unavailable
3480,,,,,,,,,,,2026-08-01,,unavailable
4800,,,,,,,,,,,2026-08-01,,unavailable
4958,,,,,,,,,,,2026-08-01,,unavailable
5195,,,,,,,,,,,2026-08-01,,unavailable
5644,,,,,,,,,,,2026-08-01,,unavailable
5844,,,,,,,,,,,2026-08-01,,unavailable
6197,,,,,,,,,,,2026-08-01,,unavailable
6238,,,,,,,,,,,2026-08-01,,unavailable
7716,,,,,,,,,,,2026-08-01,,unavailable
7818,,,,,,,,,,,2026-08-01,,unavailable
8370,,,,,,,,,,,2026-08-01,,unavailable
8386,,,,,,,,,,,2026-08-01,,unavailable
8395,,,,,,,,,,,2026-08-01,,unavailable
8511,,,,,,,,,,,2026-08-01,,unavailable
8591,,,,,,,,,,,2026-08-01,,unavailable
8795,,,,,,,,,,,2026-08-01,,unavailable
9039,,,,,,,,,,,2026-08-01,,unavailable
9048,,,,,,,,,,,2026-08-01,,unavailable
9076,,,,,,,,,,,2026-08-01,,unavailable
9401,,,,,,,,,,,2026-08-01,,unavailable
9436,,,,,,,,,,,2026-08-01,,unavailable
6178,,,,,,,,,,,2026-08-01,,unavailable
7979,,,,,,,,,,,2026-08-01,,unavailable
8508,,,,,,,,,,,2026-08-01,,unavailable
8739,,,,,,,,,,,2026-08-01,,unavailable
2410,,,,,,,,,,,2026-08-01,,unavailable
3407,,,,,,,,,,,2026-08-01,,unavailable
3776,,,,,,,,,,,2026-08-01,,unavailable
3950,,,,,,,,,,,2026-08-01,,unavailable
3989,,,,,,,,,,,2026-08-01,,unavailable
4188,,,,,,,,,,,2026-08-01,,unavailable
4634,,,,,,,,,,,2026-08-01,,unavailable
7180,,,,,,,,,,,2026-08-01,,unavailable
7182,,,,,,,,,,,2026-08-01,,unavailable
7189,,,,,,,,,,,2026-08-01,,unavailable
7322,,,,,,,,,,,2026-08-01,,unavailable
7337,,,,,,,,,,,2026-08-01,,unavailable
7366,,,,,,,,,,,2026-08-01,,unavailable
8283,,,,,,,,,,,2026-08-01,,unavailable
8304,,,,,,,,,,,2026-08-01,,unavailable
8308,,,,,,,,,,,2026-08-01,,unavailable
8341,,,,,,,,,,,2026-08-01,,unavailable
8346,,,,,,,,,,,2026-08-01,,unavailable
8354,,,,,,,,,,,2026-08-01,,unavailable
8358,,,,,,,,,,,2026-08-01,,unavailable
8359,,,,,,,,,,,2026-08-01,,unavailable
8377,,,,,,,,,,,2026-08-01,,unavailable
8381,,,,,,,,,,,2026-08-01,,unavailable
8411,,,,,,,,,,,2026-08-01,,unavailable
8697,,,,,,,,,,,2026-08-01,,unavailable
8704,,,,,,,,,,,2026-08-01,,unavailable
8750,,,,,,,,,,,2026-08-01,,unavailable
9147,,,,,,,,,,,2026-08-01,,unavailable
9831,,,,,,,,,,,2026-08-01,,unavailable
7186,,,,,,,,,,,2026-08-01,,unavailable
7283,,,,,,,,,,,2026-08-01,,unavailable
7380,,,,,,,,,,,2026-08-01,,unavailable
7384,,,,,,,,,,,2026-08-01,,unavailable
7839,,,,,,,,,,,2026-08-01,,unavailable
7970,,,,,,,,,,,2026-08-01,,unavailable
7976,,,,,,,,,,,2026-08-01,,unavailable
8331,,,,,,,,,,,2026-08-01,,unavailable
8361,,,,,,,,,,,2026-08-01,,unavailable
8362,,,,,,,,,,,2026-08-01,,unavailable
8367,,,,,,,,,,,2026-08-01,,unavailable
8368,,,,,,,,,,,2026-08-01,,unavailable
8418,,,,,,,,,,,2026-08-01,,unavailable
8544,,,,,,,,,,,2026-08-01,,unavailable
8630,,,,,,,,,,,2026-08-01,,unavailable
8714,,,,,,,,,,,2026-08-01,,unavailable
9735,,,,,,,,,,,2026-08-01,,unavailable
9882,,,,,,,,,,,2026-08-01,,unavailable
2433,,,,,,,,,,,2026-08-01,,unavailable
2613,,,,,,,,,,,2026-08-01,,unavailable
2810,,,,,,,,,,,2026-08-01,,unavailable
3401,,,,,,,,,,,2026-08-01,,unavailable
4118,,,,,,,,,,,2026-08-01,,unavailable
4208,,,,,,,,,,,2026-08-01,,unavailable
4665,,,,,,,,,,,2026-08-01,,unavailable
6237,,,,,,,,,,,2026-08-01,,unavailable
6306,,,,,,,,,,,2026-08-01,,unavailable
6448,,,,,,,,,,,2026-08-01,,unavailable
6463,,,,,,,,,,,2026-08-01,,unavailable
7806,,,,,,,,,,,2026-08-01,,unavailable
8079,,,,,,,,,,,2026-08-01,,unavailable
2004,,,,,,,,,,,2026-08-01,,unavailable
2154,,,,,,,,,,,2026-08-01,,unavailable
2222,,,,,,,,,,,2026-08-01,,unavailable
2354,,,,,,,,,,,2026-08-01,,unavailable
2371,,,,,,,,,,,2026-08-01,,unavailable
2503,,,,,,,,,,,2026-08-01,,unavailable
2590,,,,,,,,,,,2026-08-01,,unavailable
2801,,,,,,,,,,,2026-08-01,,unavailable
2809,,,,,,,,,,,2026-08-01,,unavailable
2914,,,,,,,,,,,2026-08-01,,unavailable
3091,,,,,,,,,,,2026-08-01,,unavailable
3097,,,,,,,,,,,2026-08-01,,unavailable
3151,,,,,,,,,,,2026-08-01,,unavailable
3276,,,,,,,,,,,2026-08-01,,unavailable
3708,,,,,,,,,,,2026-08-01,,unavailable
3946,,,,,,,,,,,2026-08-01,,unavailable
4324,,,,,,,,,,,2026-08-01,,unavailable
4746,,,,,,,,,,,2026-08-01,,unavailable
4919,,,,,,,,,,,2026-08-01,,unavailable
6098,,,,,,,,,,,2026-08-01,,unavailable
7389,,,,,,,,,,,2026-08-01,,unavailable
7458,,,,,,,,,,,2026-08-01,,unavailable
7581,,,,,,,,,,,2026-08-01,,unavailable
7616,,,,,,,,,,,2026-08-01,,unavailable
7803,,,,,,,,,,,2026-08-01,,unavailable
7846,,,,,,,,,,,2026-08-01,,unavailable
7951,,,,,,,,,,,2026-08-01,,unavailable
8037,,,,,,,,,,,2026-08-01,,unavailable
8163,,,,,,,,,,,2026-08-01,,unavailable
8439,,,,,,,,,,,2026-08-01,,unavailable
8566,,,,,,,,,,,2026-08-01,,unavailable
8613,,,,,,,,,,,2026-08-01,,unavailable
9007,,,,,,,,,,,2026-08-01,,unavailable
9010,,,,,,,,,,,2026-08-01,,unavailable
9069,,,,,,,,,,,2026-08-01,,unavailable
9278,,,,,,,,,,,2026-08-01,,unavailable
9279,,,,,,,,,,,2026-08-01,,unavailable
9433,,,,,,,,,,,2026-08-01,,unavailable
9449,,,,,,,,,,,2026-08-01,,unavailable
9861,,,,,,,,,,,2026-08-01,,unavailable
9997,,,,,,,,,,,2026-08-01,,unavailable
1518,,,,,,,,,,,2026-08-01,,unavailable
2053,,,,,,,,,,,2026-08-01,,unavailable
2492,,,,,,,,,,,2026-08-01,,unavailable
2681,,,,,,,,,,,2026-08-01,,unavailable
2805,,,,,,,,,,,2026-08-01,,unavailable
3774,,,,,,,,,,,2026-08-01,,unavailable
3864,,,,,,,,,,,2026-08-01,,unavailable
4189,,,,,,,,,,,2026-08-01,,unavailable
4417,,,,,,,,,,,2026-08-01,,unavailable
4972,,,,,,,,,,,2026-08-01,,unavailable
5108,,,,,,,,,,,2026-08-01,,unavailable
5444,,,,,,,,,,,2026-08-01,,unavailable
6080,,,,,,,,,,,2026-08-01,,unavailable
6194,,,,,,,,,,,2026-08-01,,unavailable
6737,,,,,,,,,,,2026-08-01,,unavailable
7128,,,,,,,,,,,2026-08-01,,unavailable
7184,,,,,,,,,,,2026-08-01,,unavailable
7272,,,,,,,,,,,2026-08-01,,unavailable
7381,,,,,,,,,,,2026-08-01,,unavailable
7867,,,,,,,,,,,2026-08-01,,unavailable
8133,,,,,,,,,,,2026-08-01,,unavailable
8142,,,,,,,,,,,2026-08-01,,unavailable
8242,,,,,,,,,,,2026-08-01,,unavailable
8309,,,,,,,,,,,2026-08-01,,unavailable
8316,,,,,,,,,,,2026-08-01,,unavailable
8336,,,,,,,,,,,2026-08-01,,unavailable
8345,,,,,,,,,,,2026-08-01,,unavailable
8387,,,,,,,,,,,2026-08-01,,unavailable
8388,,,,,,,,,,,2026-08-01,,unavailable
8392,,,,,,,,,,,2026-08-01,,unavailable
8393,,,,,,,,,,,2026-08-01,,unavailable
8410,,,,,,,,,,,2026-08-01,,unavailable
8541,,,,,,,,,,,2026-08-01,,unavailable
8601,,,,,,,,,,,2026-08-01,,unavailable
8609,,,,,,,,,,,2026-08-01,,unavailable
8622,,,,,,,,,,,2026-08-01,,unavailable
8628,,,,,,,,,,,2026-08-01,,unavailable
8707,,,,,,,,,,,2026-08-01,,unavailable
8708,,,,,,,,,,,2026-08-01,,unavailable
8725,,,,,,,,,,,2026-08-01,,unavailable
8766,,,,,,,,,,,2026-08-01,,unavailable
8771,,,,,,,,,,,2026-08-01,,unavailable
9274,,,,,,,,,,,2026-08-01,,unavailable
9301,,,,,,,,,,,2026-08-01,,unavailable
9304,,,,,,,,,,,2026-08-01,,unavailable
9324,,,,,,,,,,,2026-08-01,,unavailable
3087,,,,,,,,,,,2026-08-01,,unavailable
3132,,,,,,,,,,,2026-08-01,,unavailable
4027,,,,,,,,,,,2026-08-01,,unavailable
5831,,,,,,,,,,,2026-08-01,,unavailable
6381,,,,,,,,,,,2026-08-01,,unavailable
6638,,,,,,,,,,,2026-08-01,,unavailable
6676,,,,,,,,,,,2026-08-01,,unavailable
7236,,,,,,,,,,,2026-08-01,,unavailable
7327,,,,,,,,,,,2026-08-01,,unavailable
7350,,,,,,,,,,,2026-08-01,,unavailable
7752,,,,,,,,,,,2026-08-01,,unavailable
8084,,,,,,,,,,,2026-08-01,,unavailable
8101,,,,,,,,,,,2026-08-01,,unavailable
8159,,,,,,,,,,,2026-08-01,,unavailable
8306,,,,,,,,,,,2026-08-01,,unavailable
8334,,,,,,,,,,,2026-08-01,,unavailable
8343,,,,,,,,,,,2026-08-01,,unavailable
8360,,,,,,,,,,,2026-08-01,,unavailable
8399,,,,,,,,,,,2026-08-01,,unavailable
8522,,,,,,,,,,,2026-08-01,,unavailable
8524,,,,,,,,,,,2026-08-01,,unavailable
8551,,,,,,,,,,,2026-08-01,,unavailable
8600,,,,,,,,,,,2026-08-01,,unavailable
8604,,,,,,,,,,,2026-08-01,,unavailable
8616,,,,,,,,,,,2026-08-01,,unavailable
2108,,,,,,,,,,,2026-08-01,,unavailable
3563,,,,,,,,,,,2026-08-01,,unavailable
3863,,,,,,,,,,,2026-08-01,,unavailable
5832,,,,,,,,,,,2026-08-01,,unavailable
7181,,,,,,,,,,,2026-08-01,,unavailable
8337,,,,,,,,,,,2026-08-01,,unavailable
9308,,,,,,,,,,,2026-08-01,,unavailable
7167,,,,,,,,,,,2026-08-01,,unavailable
7433,,,,,,,,,,,2026-08-01,,unavailable
9605,,,,,,,,,,,2026-08-01,,unavailable
2270,,,,,,,,,,,2026-08-01,,unavailable
2501,,,,,,,,,,,2026-08-01,,unavailable
2871,,,,,,,,,,,2026-08-01,,unavailable
3107,,,,,,,,,,,2026-08-01,,unavailable
3941,,,,,,,,,,,2026-08-01,,unavailable
4526,,,,,,,,,,,2026-08-01,,unavailable
4613,,,,,,,,,,,2026-08-01,,unavailable
4743,,,,,,,,,,,2026-08-01,,unavailable
4901,,,,,,,,,,,2026-08-01,,unavailable
4928,,,,,,,,,,,2026-08-01,,unavailable
5242,,,,,,,,,,,2026-08-01,,unavailable
5889,,,,,,,,,,,2026-08-01,,unavailable
6457,,,,,,,,,,,2026-08-01,,unavailable
7085,,,,,,,,,,,2026-08-01,,unavailable
7278,,,,,,,,,,,2026-08-01,,unavailable
7860,,,,,,,,,,,2026-08-01,,unavailable
7981,,,,,,,,,,,2026-08-01,,unavailable
8043,,,,,,,,,,,2026-08-01,,unavailable
8200,,,,,,,,,,,2026-08-01,,unavailable
8218,,,,,,,,,,,2026-08-01,,unavailable
8344,,,,,,,,,,,2026-08-01,,unavailable
8550,,,,,,,,,,,2026-08-01,,unavailable
9001,,,,,,,,,,,2026-08-01,,unavailable
9042,,,,,,,,,,,2026-08-01,,unavailable
9934,,,,,,,,,,,2026-08-01,,unavailable
4956,,,,,,,,,,,2026-08-01,,unavailable
4997,,,,,,,,,,,2026-08-01,,unavailable
5830,,,,,,,,,,,2026-08-01,,unavailable
6345,,,,,,,,,,,2026-08-01,,unavailable
6432,,,,,,,,,,,2026-08-01,,unavailable
6724,,,,,,,,,,,2026-08-01,,unavailable
7613,,,,,,,,,,,2026-08-01,,unavailable
8011,,,,,,,,,,,2026-08-01,,unavailable
8059,,,,,,,,,,,2026-08-01,,unavailable
8157,,,,,,,,,,,2026-08-01,,unavailable
1976,,,,,,,,,,,2026-08-01,,unavailable
1928,,,,,,,,,,,2026-08-01,,unavailable
2002,,,,,,,,,,,2026-08-01,,unavailable
2109,,,,,,,,,,,2026-08-01,,unavailable
2170,,,,,,,,,,,2026-08-01,,unavailable
2212,,,,,,,,,,,2026-08-01,,unavailable
2229,,,,,,,,,,,2026-08-01,,unavailable
2269,,,,,,,,,,,2026-08-01,,unavailable
2288,,,,,,,,,,,2026-08-01,,unavailable
2579,,,,,,,,,,,2026-08-01,,unavailable
2594,,,,,,,,,,,2026-08-01,,unavailable
2705,,,,,,,,,,,2026-08-01,,unavailable
3048,,,,,,,,,,,2026-08-01,,unavailable
3076,,,,,,,,,,,2026-08-01,,unavailable
3148,,,,,,,,,,,2026-08-01,,unavailable
3167,,,,,,,,,,,2026-08-01,,unavailable
3179,,,,,,,,,,,2026-08-01,,unavailable
3387,,,,,,,,,,,2026-08-01,,unavailable
3405,,,,,,,,,,,2026-08-01,,unavailable
3612,,,,,,,,,,,2026-08-01,,unavailable
3769,,,,,,,,,,,2026-08-01,,unavailable
4434,,,,,,,,,,,2026-08-01,,unavailable
4443,,,,,,,,,,,2026-08-01,,unavailable
4452,,,,,,,,,,,2026-08-01,,unavailable
4668,,,,,,,,,,,2026-08-01,,unavailable
4722,,,,,,,,,,,2026-08-01,,unavailable
4768,,,,,,,,,,,2026-08-01,,unavailable
4911,,,,,,,,,,,2026-08-01,,unavailable
4927,,,,,,,,,,,2026-08-01,,unavailable
5938,,,,,,,,,,,2026-08-01,,unavailable
5970,,,,,,,,,,,2026-08-01,,unavailable
6287,,,,,,,,,,,2026-08-01,,unavailable
6995,,,,,,,,,,,2026-08-01,,unavailable
7267,,,,,,,,,,,2026-08-01,,unavailable
7421,,,,,,,,,,,2026-08-01,,unavailable
7459,,,,,,,,,,,2026-08-01,,unavailable
7476,,,,,,,,,,,2026-08-01,,unavailable
7504,,,,,,,,,,,2026-08-01,,unavailable
7550,,,,,,,,,,,2026-08-01,,unavailable
7956,,,,,,,,,,,2026-08-01,,unavailable
8255,,,,,,,,,,,2026-08-01,,unavailable
8424,,,,,,,,,,,2026-08-01,,unavailable
8593,,,,,,,,,,,2026-08-01,,unavailable
9006,,,,,,,,,,,2026-08-01,,unavailable
9008,,,,,,,,,,,2026-08-01,,unavailable
9031,,,,,,,,,,,2026-08-01,,unavailable
9041,,,,,,,,,,,2026-08-01,,unavailable
9706,,,,,,,,,,,2026-08-01,,unavailable
9842,,,,,,,,,,,2026-08-01,,unavailable
9889,,,,,,,,,,,2026-08-01,,unavailable
9900,,,,,,,,,,,2026-08-01,,unavailable
2752,,,,,,,,,,,2026-08-01,,unavailable
2767,,,,,,,,,,,2026-08-01,,unavailable
4212,,,,,,,,,,,2026-08-01,,unavailable
6349,,,,,,,,,,,2026-08-01,,unavailable
6364,,,,,,,,,,,2026-08-01,,unavailable
7282,,,,,,,,,,,2026-08-01,,unavailable
7740,,,,,,,,,,,2026-08-01,,unavailable
7990,,,,,,,,,,,2026-08-01,,unavailable
9044,,,,,,,,,,,2026-08-01,,unavailable
