signal_date,code,name,decision,rank,score,confidence,screen_type,screen_tags,strategy,high_type,high_label,current_price,lot_value_100,dist_52w_high_pct,dist_25ma_pct,dist_200ma_pct,volume_ratio_5d_20d,turnover_20d,buy_reason,near_high,vol_up,entry_date,entry_open,entry_close,close_d2,close_d3,close_d5,close_d10,max_gain_pct,max_drop_pct,stop_hit,tp_hit,first_hit,exit_date,exit_price,exit_return_pct,exit_reason,status,last_updated
2026-07-03,1860,戸田建設,BUY,S,106,100,,,,,,,,,,,,,,True,True,2026-07-06,1627.5,1630.0,1605.0,1597.0,1558.0,,1.11,-7.5,True,False,STOP,2026-07-13,1513.6,-7.0,損切り(-7%),CLOSED,2026-07-13
2026-07-03,3105,日清紡ホールディングス,BUY,S,113,100,,,,,,,,,,,,,,True,True,2026-07-06,2488.0,2405.5,2386.5,2281.5,,,0.72,-9.08,True,False,STOP,2026-07-08,2313.8,-7.0,損切り(-7%),CLOSED,2026-07-08
2026-07-03,7747,朝日インテック,BUY,S,108,100,,,,,,,,,,,,,,True,True,2026-07-06,3851.0,3732.0,3700.0,3673.0,3573.0,,0.18,-7.61,True,False,STOP,2026-07-10,3581.4,-7.0,損切り(-7%),CLOSED,2026-07-10
2026-07-03,2175,エス・エム・エス,WATCH,S,108,88,,,,,,,,,,,,,,False,True,2026-07-06,2262.0,2237.0,2334.0,2387.0,2343.0,,15.96,-2.61,False,True,TP,2026-07-15,2601.3,15.0,利確(+15%),CLOSED,2026-07-15
2026-07-03,2810,ハウス食品グループ本社,WATCH,S,103,88,,,,,,,,,,,,,,False,True,2026-07-06,3851.0,3891.0,3911.0,3958.0,3829.0,3900.0,3.25,-1.01,False,False,,2026-07-17,3900.0,1.27,時間切れ(10営業日),CLOSED,2026-07-17
2026-07-03,3436,ＳＵＭＣＯ,WATCH,S,103,77,,,,,,,,,,,,,,False,False,2026-07-06,5088.0,5171.0,4570.0,,,,4.34,-10.83,True,False,STOP,2026-07-07,4731.8,-7.0,損切り(-7%),CLOSED,2026-07-07
2026-07-03,6315,ＴＯＷＡ,WATCH,S,103,77,,,,,,,,,,,,,,False,False,2026-07-06,3355.0,3320.0,3105.0,,,,0.0,-8.79,True,False,STOP,2026-07-07,3120.1,-7.0,損切り(-7%),CLOSED,2026-07-07
2026-07-03,6525,ＫＯＫＵＳＡＩ　ＥＬＥＣＴＲＩＣ,WATCH,S,111,77,,,,,,,,,,,,,,False,True,2026-07-06,12000.0,11270.0,,,,,0.04,-10.42,True,False,STOP,2026-07-06,11160.0,-7.0,損切り(-7%),CLOSED,2026-07-06
2026-07-03,6707,サンケン電気,WATCH,S,103,77,,,,,,,,,,,,,,False,True,2026-07-06,11020.0,10685.0,10545.0,10200.0,,,1.09,-8.98,True,False,STOP,2026-07-08,10248.6,-7.0,損切り(-7%),CLOSED,2026-07-08
2026-07-03,6752,パナソニック　ホールディングス,WATCH,S,103,77,,,,,,,,,,,,,,False,False,2026-07-06,4592.0,4557.0,4400.0,4333.0,,,1.46,-7.45,True,False,STOP,2026-07-08,4270.6,-7.0,損切り(-7%),CLOSED,2026-07-08
2026-07-03,6925,ウシオ電機,WATCH,S,108,88,,,,,,,,,,,,,,False,True,2026-07-06,4682.0,4492.0,4368.0,,,,0.15,-7.41,True,False,STOP,2026-07-07,4354.3,-7.0,損切り(-7%),CLOSED,2026-07-07
2026-07-03,7735,ＳＣＲＥＥＮホールディングス,WATCH,S,111,77,,,,,,,,,,,,,,False,True,2026-07-06,18915.0,17860.0,,,,,0.79,-8.56,True,False,STOP,2026-07-06,17590.9,-7.0,損切り(-7%),CLOSED,2026-07-06
2026-07-03,7966,リンテック,WATCH,S,103,77,,,,,,,,,,,,,,False,True,2026-07-06,7320.0,6990.0,6570.0,,,,0.55,-10.93,True,False,STOP,2026-07-07,6807.6,-7.0,損切り(-7%),CLOSED,2026-07-07
2026-07-03,7976,三菱鉛筆,WATCH,S,103,100,,,,,,,,,,,,,,True,True,2026-07-06,2700.0,2724.0,2715.0,2734.0,2696.0,2688.0,1.78,-1.52,False,False,,2026-07-17,2688.0,-0.44,時間切れ(10営業日),CLOSED,2026-07-17
2026-07-03,8035,東京エレクトロン,WATCH,S,106,77,,,,,,,,,,,,,,True,False,2026-07-06,74090.0,72320.0,69470.0,67350.0,,,1.62,-10.16,True,False,STOP,2026-07-08,68903.7,-7.0,損切り(-7%),CLOSED,2026-07-08
2026-07-03,8366,滋賀銀行,WATCH,S,121,88,,,,,,,,,,,,,,False,True,2026-07-06,2638.0,2648.0,2773.0,2821.0,2888.0,2542.0,13.57,-4.55,False,False,,2026-07-17,2542.0,-3.64,時間切れ(10営業日),CLOSED,2026-07-17
2026-07-03,8381,山陰合同銀行,WATCH,S,116,77,,,,,,,,,,,,,,False,False,2026-07-06,2392.0,2427.0,2443.0,2478.0,2428.0,2341.0,5.23,-4.14,False,False,,2026-07-17,2341.0,-2.13,時間切れ(10営業日),CLOSED,2026-07-17
2026-07-03,8609,岡三証券グループ,WATCH,S,113,88,,,,,,,,,,,,,,True,False,2026-07-06,1001.0,1006.0,1013.0,1020.0,1016.0,1022.0,5.79,-1.0,False,False,,2026-07-17,1022.0,2.1,時間切れ(10営業日),CLOSED,2026-07-17
2026-07-03,9401,ＴＢＳホールディングス,WATCH,S,103,88,,,,,,,,,,,,,,True,True,2026-07-06,6446.0,6443.0,6556.0,6492.0,6370.0,6229.0,2.92,-4.81,False,False,,2026-07-17,6229.0,-3.37,時間切れ(10営業日),CLOSED,2026-07-17
2026-07-03,9502,中部電力,WATCH,S,121,88,,,,,,,,,,,,,,False,True,2026-07-06,3200.0,3200.0,3234.0,3226.0,3208.0,,2.69,-7.14,True,False,STOP,2026-07-13,2976.0,-7.0,損切り(-7%),CLOSED,2026-07-13
2026-07-06,1417,ミライト・ワン,WATCH,A,140,65,MULTI,"52W_PULLBACK,25MA_PULLBACK",duke_old_high_support,OTHER,分類外,3868.0,386800,7.49,0.29,9.96,0.95,885451695,52週高値15%以内 / MA25上 / MA75上 / MA200上 / MA75上向き / 売買代金3億円以上 / 100株購入額が資金20%以内 / DUKE旧52週高値サポート+75 / Sゲート未達(52週高値3%超・25日線が上向きでない・出来高が20日平均以下)で最大A,False,False,2026-07-07,3868.0,3830.0,3757.0,3747.0,3673.0,,0.83,-8.04,True,False,STOP,2026-07-17,3597.2,-7.0,損切り(-7%),CLOSED,2026-07-17
2026-07-07,1379,ホクト,WATCH,A,81,65,MULTI,"25MA_PULLBACK,200MA_TOUCH",swing_high_break,SWING_HIGH_BREAK,直近スイング高値ブレイク,1916.0,191600,6.71,2.93,0.64,1.0,156460285,52週高値7%以内 / MA25上 / MA75上 / MA200上 / MA25上向き / MA200タッチ±3% / 売買代金1億円以上 / 100株購入額が資金10%以内,False,False,2026-07-08,1910.0,1911.0,1917.0,1915.0,1927.0,1934.0,2.09,-0.73,False,False,,2026-07-22,1934.0,1.26,時間切れ(10営業日),CLOSED,2026-07-22
2026-07-08,1379,ホクト,WATCH,A,89,65,MULTI,"25MA_PULLBACK,200MA_TOUCH",swing_high_break,SWING_HIGH_BREAK,直近スイング高値ブレイク,1911.0,191100,6.96,2.47,0.36,1.01,155832175,52週高値7%以内 / MA25上 / MA75上 / MA200上 / MA25上向き / MA75上向き / MA200タッチ±3% / 売買代金1億円以上 / 100株購入額が資金10%以内 / Sゲート未達(52週高値3%超・出来高が20日平均以下)で最大A,False,False,2026-07-09,1919.0,1917.0,1915.0,1914.0,1934.0,1930.0,1.62,-1.2,False,False,,2026-07-23,1930.0,0.57,時間切れ(10営業日),CLOSED,2026-07-23
2026-07-09,1379,ホクト,WATCH,A,89,65,MULTI,"25MA_PULLBACK,200MA_TOUCH",swing_high_break,SWING_HIGH_BREAK,直近スイング高値ブレイク,1917.0,191700,6.67,2.56,0.67,0.95,156961910,52週高値7%以内 / MA25上 / MA75上 / MA200上 / MA25上向き / MA75上向き / MA200タッチ±3% / 売買代金1億円以上 / 100株購入額が資金10%以内 / Sゲート未達(52週高値3%超・出来高が20日平均以下)で最大A,False,False,2026-07-10,1916.0,1915.0,1914.0,1927.0,1923.0,1936.0,1.77,-1.04,False,False,,2026-07-24,1936.0,1.04,時間切れ(10営業日),CLOSED,2026-07-24
2026-07-10,1379,ホクト,WATCH,A,89,65,MULTI,"25MA_PULLBACK,200MA_TOUCH",swing_high_break,SWING_HIGH_BREAK,直近スイング高値ブレイク,1915.0,191500,6.76,2.25,0.55,0.91,152830995,52週高値7%以内 / MA25上 / MA75上 / MA200上 / MA25上向き / MA75上向き / MA200タッチ±3% / 売買代金1億円以上 / 100株購入額が資金10%以内 / Sゲート未達(52週高値3%超・出来高が20日平均以下)で最大A,False,False,2026-07-13,1926.0,1914.0,1927.0,1934.0,1924.0,1954.0,1.66,-0.78,False,False,,2026-07-27,1954.0,1.45,時間切れ(10営業日),CLOSED,2026-07-28
2026-07-15,1377,サカタのタネ,WATCH,A,83,77,52W_PULLBACK,52W_PULLBACK,swing_high_break,SWING_HIGH_BREAK,直近スイング高値ブレイク,4375.0,437500,5.3,3.63,5.93,1.65,633618000,52週高値7%以内 / MA25上 / MA75上 / MA200上 / MA25上向き / 売買代金3億円以上 / 出来高比1.5倍以上 / 100株購入額が資金20%以内,False,True,2026-07-16,4380.0,4380.0,4365.0,4400.0,4395.0,4435.0,3.77,-1.6,False,False,,2026-07-30,4435.0,1.26,時間切れ(10営業日),CLOSED,2026-07-30
2026-07-15,1379,ホクト,WATCH,A,73,65,MULTI,"25MA_PULLBACK,200MA_TOUCH",swing_high_break,SWING_HIGH_BREAK,直近スイング高値ブレイク,1934.0,193400,7.99,2.81,0.03,0.83,146055245,52週高値15%以内 / MA25上 / MA75上 / MA200上 / MA25上向き / MA200タッチ±3% / 売買代金1億円以上 / 100株購入額が資金10%以内,False,False,2026-07-16,1943.0,1923.0,1924.0,1930.0,1930.0,2008.0,3.76,-1.44,False,False,,2026-07-30,2008.0,3.35,時間切れ(10営業日),CLOSED,2026-07-30
2026-07-15,1407,ウエストホールディングス,WATCH,A,85,77,52W_PULLBACK,52W_PULLBACK,swing_high_break,SWING_HIGH_BREAK,直近スイング高値ブレイク,2802.0,280200,10.05,20.55,45.92,1.59,1359113395,52週高値15%以内 / MA25上 / MA75上 / MA200上 / MA75上向き / 売買代金10億円以上 / 出来高比1.5倍以上 / 100株購入額が資金10%以内 / Sゲート未達(52週高値3%超・25日線が上向きでない)で最大A,False,True,2026-07-16,2803.0,2747.0,2835.0,2734.0,2695.0,,4.82,-8.67,True,False,STOP,2026-07-23,2606.8,-7.0,損切り(-7%),CLOSED,2026-07-23
2026-07-16,1377,サカタのタネ,WATCH,A,91,77,52W_PULLBACK,52W_PULLBACK,swing_high_break,SWING_HIGH_BREAK,直近スイング高値ブレイク,4380.0,438000,5.19,3.58,5.96,1.66,640361300,52週高値7%以内 / MA25上 / MA75上 / MA200上 / MA25上向き / MA75上向き / 売買代金3億円以上 / 出来高比1.5倍以上 / 100株購入額が資金20%以内 / Sゲート未達(52週高値3%超・出来高が20日平均以下)で最大A,False,True,2026-07-17,4400.0,4365.0,4400.0,4335.0,4405.0,4315.0,3.3,-2.61,False,False,,2026-07-31,4315.0,-1.93,時間切れ(10営業日),CLOSED,2026-07-31
2026-07-16,1407,ウエストホールディングス,WATCH,A,93,77,52W_PULLBACK,52W_PULLBACK,swing_high_break,SWING_HIGH_BREAK,直近スイング高値ブレイク,2747.0,274700,11.81,17.29,42.7,1.88,1572727115,52週高値15%以内 / MA25上 / MA75上 / MA200上 / MA25上向き / MA75上向き / 売買代金10億円以上 / 出来高比1.5倍以上 / 100株購入額が資金10%以内 / Sゲート未達(52週高値3%超)で最大A,False,True,2026-07-17,2683.0,2835.0,2734.0,2641.0,2800.0,,9.5,-8.09,True,False,STOP,2026-07-30,2495.2,-7.0,損切り(-7%),CLOSED,2026-07-30
2026-07-17,1377,サカタのタネ,WATCH,A,91,77,52W_PULLBACK,52W_PULLBACK,swing_high_break,SWING_HIGH_BREAK,直近スイング高値ブレイク,4365.0,436500,5.52,3.05,5.51,1.68,634484750,52週高値7%以内 / MA25上 / MA75上 / MA200上 / MA25上向き / MA75上向き / 売買代金3億円以上 / 出来高比1.5倍以上 / 100株購入額が資金20%以内 / Sゲート未達(52週高値3%超・出来高が20日平均以下)で最大A,False,True,2026-07-21,4410.0,4400.0,4335.0,4395.0,4465.0,4330.0,3.06,-2.83,False,False,,2026-08-03,4330.0,-1.81,時間切れ(10営業日),CLOSED,2026-08-03
2026-07-17,1407,ウエストホールディングス,WATCH,A,93,77,52W_PULLBACK,52W_PULLBACK,swing_high_break,SWING_HIGH_BREAK,直近スイング高値ブレイク,2835.0,283500,8.99,19.97,46.86,1.89,1663030650,52週高値15%以内 / MA25上 / MA75上 / MA200上 / MA25上向き / MA75上向き / 売買代金10億円以上 / 出来高比1.5倍以上 / 100株購入額が資金10%以内 / Sゲート未達(52週高値3%超)で最大A,False,True,2026-07-21,2901.0,2734.0,,,,,1.28,-7.86,True,False,STOP,2026-07-21,2697.9,-7.0,損切り(-7%),CLOSED,2026-07-21
2026-07-20,1377,サカタのタネ,WATCH,A,91,77,52W_PULLBACK,52W_PULLBACK,swing_high_break,SWING_HIGH_BREAK,直近スイング高値ブレイク,4365.0,436500,5.52,3.05,5.51,1.68,634484750,52週高値7%以内 / MA25上 / MA75上 / MA200上 / MA25上向き / MA75上向き / 売買代金3億円以上 / 出来高比1.5倍以上 / 100株購入額が資金20%以内 / Sゲート未達(52週高値3%超・出来高が20日平均以下)で最大A,False,True,2026-07-21,4410.0,4400.0,4335.0,4395.0,4465.0,4330.0,3.06,-2.83,False,False,,2026-08-03,4330.0,-1.81,時間切れ(10営業日),CLOSED,2026-08-03
2026-07-20,1407,ウエストホールディングス,WATCH,A,93,77,52W_PULLBACK,52W_PULLBACK,swing_high_break,SWING_HIGH_BREAK,直近スイング高値ブレイク,2835.0,283500,8.99,19.97,46.86,1.89,1663030650,52週高値15%以内 / MA25上 / MA75上 / MA200上 / MA25上向き / MA75上向き / 売買代金10億円以上 / 出来高比1.5倍以上 / 100株購入額が資金10%以内 / Sゲート未達(52週高値3%超)で最大A,False,True,2026-07-21,2901.0,2734.0,,,,,1.28,-7.86,True,False,STOP,2026-07-21,2697.9,-7.0,損切り(-7%),CLOSED,2026-07-21
2026-07-21,1377,サカタのタネ,WATCH,A,91,77,52W_PULLBACK,52W_PULLBACK,swing_high_break,SWING_HIGH_BREAK,直近スイング高値ブレイク,4400.0,440000,4.76,3.66,6.26,1.51,644689600,52週高値7%以内 / MA25上 / MA75上 / MA200上 / MA25上向き / MA75上向き / 売買代金3億円以上 / 出来高比1.5倍以上 / 100株購入額が資金20%以内 / Sゲート未達(52週高値3%超・出来高が20日平均以下)で最大A,False,True,2026-07-22,4365.0,4335.0,4395.0,4405.0,4440.0,4275.0,4.12,-2.29,False,False,,2026-08-04,4275.0,-2.06,時間切れ(10営業日),CLOSED,2026-08-04
2026-07-21,1407,ウエストホールディングス,WATCH,A,93,77,52W_PULLBACK,52W_PULLBACK,swing_high_break,SWING_HIGH_BREAK,直近スイング高値ブレイク,2734.0,273400,12.23,14.82,41.28,1.97,1793556210,52週高値15%以内 / MA25上 / MA75上 / MA200上 / MA25上向き / MA75上向き / 売買代金10億円以上 / 出来高比1.5倍以上 / 100株購入額が資金10%以内 / Sゲート未達(52週高値3%超)で最大A,False,True,2026-07-22,2733.0,2641.0,2695.0,2800.0,2634.0,,5.89,-9.77,True,False,STOP,2026-07-30,2541.7,-7.0,損切り(-7%),CLOSED,2026-07-30
2026-07-22,1377,サカタのタネ,WATCH,A,146,65,MULTI,"52W_PULLBACK,25MA_PULLBACK",duke_old_high_support,OTHER,分類外,4335.0,433500,6.17,1.94,4.61,0.98,636394425,52週高値7%以内 / MA25上 / MA75上 / MA200上 / MA25上向き / MA75上向き / 売買代金3億円以上 / 100株購入額が資金20%以内 / DUKE旧52週高値サポート+65 / Sゲート未達(52週高値3%超・出来高が20日平均以下)で最大A,False,False,2026-07-23,4310.0,4395.0,4405.0,4465.0,4525.0,4280.0,5.45,-1.04,False,False,,2026-08-05,4280.0,-0.7,時間切れ(10営業日),CLOSED,2026-08-05
2026-07-22,1379,ホクト,WATCH,A,73,65,MULTI,"25MA_PULLBACK,200MA_TOUCH",recent_near_high,RECENT_NEAR_HIGH,直近高値接近,1934.0,193400,7.99,2.39,0.03,0.8,149284710,52週高値15%以内 / MA25上 / MA75上 / MA200上 / MA25上向き / MA200タッチ±3% / 売買代金1億円以上 / 100株購入額が資金10%以内,False,False,2026-07-23,1940.0,1930.0,1936.0,1954.0,1989.0,1860.0,3.92,-4.38,False,False,,2026-08-05,1860.0,-4.12,時間切れ(10営業日),CLOSED,2026-08-05
2026-07-23,1377,サカタのタネ,WATCH,A,81,65,52W_PULLBACK,52W_PULLBACK,rank_candidate,OTHER,分類外,4395.0,439500,4.87,3.12,5.97,0.82,632780475,52週高値7%以内 / MA25上 / MA75上 / MA200上 / MA25上向き / MA75上向き / 売買代金3億円以上 / 100株購入額が資金20%以内,False,False,2026-07-24,4335.0,4405.0,4465.0,4440.0,4435.0,4355.0,4.84,-1.61,False,False,,2026-08-06,4355.0,0.46,時間切れ(10営業日),CLOSED,2026-08-06
2026-07-23,1407,ウエストホールディングス,WATCH,A,93,77,52W_PULLBACK,52W_PULLBACK,swing_high_break,SWING_HIGH_BREAK,直近スイング高値ブレイク,2695.0,269500,13.48,11.73,38.7,1.64,1761455850,52週高値15%以内 / MA25上 / MA75上 / MA200上 / MA25上向き / MA75上向き / 売買代金10億円以上 / 出来高比1.5倍以上 / 100株購入額が資金10%以内 / Sゲート未達(52週高値3%超・出来高が20日平均以下)で最大A,False,True,2026-07-24,2700.0,2800.0,2783.0,2634.0,2475.0,,7.19,-8.67,True,False,STOP,2026-07-30,2511.0,-7.0,損切り(-7%),CLOSED,2026-07-30
2026-07-24,1377,サカタのタネ,WATCH,A,73,65,52W_PULLBACK,52W_PULLBACK,rank_candidate,OTHER,分類外,4405.0,440500,4.65,3.11,6.12,0.75,630043825,52週高値7%以内 / MA25上 / MA75上 / MA200上 / MA25上向き / 売買代金3億円以上 / 100株購入額が資金20%以内,False,False,2026-07-27,4430.0,4465.0,4440.0,4525.0,4315.0,4400.0,2.6,-3.72,False,False,,2026-08-07,4400.0,-0.68,時間切れ(10営業日),CLOSED,2026-08-07
2026-07-24,1379,ホクト,WATCH,A,81,65,MULTI,"25MA_PULLBACK,200MA_TOUCH",recent_near_high,RECENT_NEAR_HIGH,直近高値接近,1936.0,193600,7.9,2.23,0.13,0.75,145207305,52週高値15%以内 / MA25上 / MA75上 / MA200上 / MA25上向き / MA75上向き / MA200タッチ±3% / 売買代金1億円以上 / 100株購入額が資金10%以内,False,False,2026-07-27,1938.0,1954.0,1958.0,1989.0,1952.0,1924.0,4.02,-4.28,False,False,,2026-08-07,1924.0,-0.72,時間切れ(10営業日),CLOSED,2026-08-07
2026-07-24,1407,ウエストホールディングス,WATCH,A,88,77,52W_PULLBACK,52W_PULLBACK,swing_high_break,SWING_HIGH_BREAK,直近スイング高値ブレイク,2800.0,280000,10.11,15.15,43.79,1.28,1807148680,52週高値15%以内 / MA25上 / MA75上 / MA200上 / MA25上向き / MA75上向き / 売買代金10億円以上 / 出来高増加 / 100株購入額が資金10%以内 / Sゲート未達(52週高値3%超・出来高が20日平均以下)で最大A,False,True,2026-07-27,2894.0,2783.0,2634.0,,,,0.0,-9.68,True,False,STOP,2026-07-28,2691.4,-7.0,損切り(-7%),CLOSED,2026-07-28
2026-07-28,1377,サカタのタネ,WATCH,A,73,65,52W_PULLBACK,52W_PULLBACK,rank_candidate,OTHER,分類外,4440.0,444000,3.9,3.43,6.75,0.66,627043075,52週高値7%以内 / MA25上 / MA75上 / MA200上 / MA25上向き / 売買代金3億円以上 / 100株購入額が資金20%以内,False,False,2026-07-29,4440.0,4525.0,4435.0,4315.0,4275.0,4395.0,2.36,-3.94,False,False,,2026-08-12,4395.0,-1.01,時間切れ(10営業日),CLOSED,2026-08-12
2026-07-28,1379,ホクト,WATCH,A,89,65,200MA_TOUCH,200MA_TOUCH,recent_new_high,RECENT_NEW_HIGH,直近高値更新,1958.0,195800,6.85,3.04,1.25,0.98,140405255,52週高値7%以内 / MA25上 / MA75上 / MA200上 / MA25上向き / MA75上向き / MA200タッチ±3% / 売買代金1億円以上 / 100株購入額が資金10%以内 / Sゲート未達(52週高値3%超)で最大A,False,False,2026-07-29,1969.0,1989.0,2008.0,1952.0,1875.0,2001.0,4.77,-5.79,False,False,,2026-08-12,2001.0,1.63,時間切れ(10営業日),CLOSED,2026-08-12
2026-07-29,1332,ニッスイ,WATCH,A,80,77,52W_PULLBACK,52W_PULLBACK,recent_near_high,RECENT_NEAR_HIGH,直近高値接近,1340.5,134050,14.07,4.83,6.26,1.11,1905103447,52週高値15%以内 / MA25上 / MA75上 / MA200上 / MA25上向き / 売買代金10億円以上 / 出来高増加 / 100株購入額が資金10%以内,False,True,2026-07-30,1341.5,1295.5,1262.0,1248.5,,,0.04,-8.42,True,False,STOP,2026-08-03,1247.6,-7.0,損切り(-7%),CLOSED,2026-08-03
2026-07-29,1377,サカタのタネ,WATCH,A,78,77,MULTI,"52W_MOMENTUM,52W_PULLBACK",recent_near_high,RECENT_NEAR_HIGH,直近高値接近,4525.0,452500,2.06,5.08,8.67,0.8,649462700,52週高値3%以内 / MA25上 / MA75上 / MA200上 / MA25上向き / 売買代金3億円以上 / 100株購入額が資金20%以内,True,False,2026-07-30,4515.0,4435.0,4315.0,4330.0,4280.0,4400.0,0.22,-5.54,False,False,,2026-08-13,4400.0,-2.55,時間切れ(10営業日),CLOSED,2026-08-13
2026-07-29,1379,ホクト,WATCH,A,94,77,200MA_TOUCH,200MA_TOUCH,recent_new_high,RECENT_NEW_HIGH,直近高値更新,1989.0,198900,5.38,4.39,2.82,1.15,144178680,52週高値7%以内 / MA25上 / MA75上 / MA200上 / MA25上向き / MA75上向き / MA200タッチ±3% / 売買代金1億円以上 / 出来高増加 / 100株購入額が資金10%以内 / Sゲート未達(52週高値3%超)で最大A,False,True,2026-07-30,1986.0,2008.0,1952.0,1910.0,1860.0,1977.0,4.38,-6.6,False,False,,2026-08-13,1977.0,-0.45,時間切れ(10営業日),CLOSED,2026-08-13
2026-07-29,1407,ウエストホールディングス,WATCH,A,83,65,52W_PULLBACK,52W_PULLBACK,rank_candidate,OTHER,分類外,2648.0,264800,14.99,6.79,35.17,0.78,1909963535,52週高値15%以内 / MA25上 / MA75上 / MA200上 / MA25上向き / MA75上向き / 売買代金10億円以上 / 100株購入額が資金10%以内,False,False,2026-07-30,2626.0,2475.0,2529.0,2622.0,,,3.92,-7.31,True,False,STOP,2026-08-03,2442.2,-7.0,損切り(-7%),CLOSED,2026-08-03
2026-07-29,1414,ショーボンドホールディングス,WATCH,A,83,77,MULTI,"52W_PULLBACK,200MA_TOUCH",recent_new_high,RECENT_NEW_HIGH,直近高値更新,1353.0,135300,11.63,6.28,2.57,1.37,923213690,52週高値15%以内 / MA25上 / MA75上 / MA200上 / MA25上向き / MA200タッチ±3% / 売買代金3億円以上 / 出来高増加 / 100株購入額が資金10%以内,False,True,2026-07-30,1353.0,1342.5,1322.5,1305.0,1277.0,1270.0,0.7,-6.25,False,False,,2026-08-13,1270.0,-6.13,時間切れ(10営業日),CLOSED,2026-08-13
2026-07-30,1377,サカタのタネ,WATCH,A,81,65,MULTI,"52W_PULLBACK,25MA_PULLBACK",rank_candidate,OTHER,分類外,4435.0,443500,4.0,2.75,6.4,0.81,653419675,52週高値7%以内 / MA25上 / MA75上 / MA200上 / MA25上向き / MA75上向き / 売買代金3億円以上 / 100株購入額が資金20%以内,False,False,2026-07-31,4415.0,4315.0,4330.0,4275.0,4355.0,4365.0,1.7,-3.4,False,False,,2026-08-14,4365.0,-1.13,時間切れ(10営業日),CLOSED,2026-08-14
2026-07-30,1379,ホクト,WATCH,A,86,77,WATCH,WATCH,recent_new_high,RECENT_NEW_HIGH,直近高値更新,2008.0,200800,4.47,5.05,3.77,1.41,154538560,52週高値7%以内 / MA25上 / MA75上 / MA200上 / MA25上向き / MA75上向き / 売買代金1億円以上 / 出来高増加 / 100株購入額が資金10%以内 / Sゲート未達(52週高値3%超)で最大A,False,True,2026-07-31,2008.0,1952.0,1910.0,1875.0,,,0.0,-7.62,True,False,STOP,2026-08-05,1867.4,-7.0,損切り(-7%),CLOSED,2026-08-05
2026-07-31,1379,ホクト,WATCH,A,86,77,MULTI,"25MA_PULLBACK,200MA_TOUCH",swing_high_break,SWING_HIGH_BREAK,直近スイング高値ブレイク,1952.0,195200,7.14,1.9,0.85,1.49,152289925,52週高値15%以内 / MA25上 / MA75上 / MA200上 / MA25上向き / MA75上向き / MA200タッチ±3% / 売買代金1億円以上 / 出来高増加 / 100株購入額が資金10%以内 / Sゲート未達(52週高値3%超・出来高が20日平均以下)で最大A,False,True,2026-08-03,1950.0,1910.0,1875.0,1860.0,1924.0,2007.0,6.31,-4.87,False,False,,2026-08-17,2007.0,2.92,時間切れ(10営業日),CLOSED,2026-08-17
2026-08-03,1377,サカタのタネ,WATCH,A,151,65,MULTI,"52W_PULLBACK,25MA_PULLBACK",duke_old_high_support,OTHER,分類外,4330.0,433000,6.28,0.04,3.69,0.98,691982275,52週高値7%以内 / MA25上 / MA75上 / MA200上 / MA25上向き / MA75上向き / 売買代金3億円以上 / 100株購入額が資金20%以内 / DUKE旧52週高値サポート+70 / Sゲート未達(52週高値3%超)で最大A,False,False,2026-08-04,4310.0,4275.0,4280.0,4355.0,4395.0,4460.0,3.71,-1.04,False,False,,2026-08-18,4460.0,3.48,時間切れ(10営業日),CLOSED,2026-08-18
2026-08-04,1407,ウエストホールディングス,WATCH,A,83,65,52W_PULLBACK,52W_PULLBACK,rank_candidate,OTHER,分類外,2730.0,273000,12.36,8.44,38.35,0.69,2027801975,52週高値15%以内 / MA25上 / MA75上 / MA200上 / MA25上向き / MA75上向き / 売買代金10億円以上 / 100株購入額が資金10%以内,False,False,2026-08-05,2733.0,2699.0,2704.0,2681.0,2671.0,2599.0,3.95,-6.26,False,False,,2026-08-19,2599.0,-4.9,時間切れ(10営業日),CLOSED,2026-08-19
2026-08-05,1407,ウエストホールディングス,WATCH,A,83,65,52W_PULLBACK,52W_PULLBACK,rank_candidate,OTHER,分類外,2699.0,269900,13.35,6.67,36.49,0.67,2023075550,52週高値15%以内 / MA25上 / MA75上 / MA200上 / MA25上向き / MA75上向き / 売買代金10億円以上 / 100株購入額が資金10%以内,False,False,2026-08-06,2661.0,2704.0,2681.0,2648.0,2803.0,2722.0,6.76,-4.51,False,False,,2026-08-20,2722.0,2.29,時間切れ(10営業日),CLOSED,2026-08-20
2026-08-06,1377,サカタのタネ,WATCH,A,81,65,MULTI,"52W_PULLBACK,25MA_PULLBACK",rank_candidate,OTHER,分類外,4355.0,435500,5.74,0.26,4.11,0.84,674659450,52週高値7%以内 / MA25上 / MA75上 / MA200上 / MA25上向き / MA75上向き / 売買代金3億円以上 / 100株購入額が資金20%以内,False,False,2026-08-07,4370.0,4400.0,4395.0,4395.0,4365.0,4525.0,3.55,-0.34,False,False,,2026-08-21,4525.0,3.55,時間切れ(10営業日),CLOSED,2026-08-21
2026-08-06,1407,ウエストホールディングス,WATCH,A,83,65,52W_PULLBACK,52W_PULLBACK,rank_candidate,OTHER,分類外,2704.0,270400,13.19,6.37,36.45,0.6,2047307045,52週高値15%以内 / MA25上 / MA75上 / MA200上 / MA25上向き / MA75上向き / 売買代金10億円以上 / 100株購入額が資金10%以内,False,False,2026-08-07,2679.0,2681.0,2648.0,2671.0,2614.0,2845.0,7.69,-5.15,False,False,,2026-08-21,2845.0,6.2,時間切れ(10営業日),CLOSED,2026-08-21
2026-08-07,1377,サカタのタネ,WATCH,A,81,65,MULTI,"52W_PULLBACK,25MA_PULLBACK",rank_candidate,OTHER,分類外,4400.0,440000,4.76,1.09,5.11,0.82,671255450,52週高値7%以内 / MA25上 / MA75上 / MA200上 / MA25上向き / MA75上向き / 売買代金3億円以上 / 100株購入額が資金20%以内,False,False,2026-08-10,4370.0,4395.0,4395.0,4400.0,4380.0,4480.0,3.89,-0.34,False,False,,2026-08-24,4480.0,2.52,時間切れ(10営業日),CLOSED,2026-08-24
2026-08-07,1407,ウエストホールディングス,WATCH,A,83,65,52W_PULLBACK,52W_PULLBACK,rank_candidate,OTHER,分類外,2681.0,268100,13.93,4.91,35.01,0.52,2052637715,52週高値15%以内 / MA25上 / MA75上 / MA200上 / MA25上向き / MA75上向き / 売買代金10億円以上 / 100株購入額が資金10%以内,False,False,2026-08-10,2730.0,2648.0,2671.0,2803.0,2794.0,2838.0,5.68,-6.92,False,False,,2026-08-24,2838.0,3.96,時間切れ(10営業日),CLOSED,2026-08-24
2026-08-10,1377,サカタのタネ,WATCH,A,81,65,MULTI,"52W_PULLBACK,25MA_PULLBACK",rank_candidate,OTHER,分類外,4395.0,439500,4.87,0.76,4.92,0.63,659708825,52週高値7%以内 / MA25上 / MA75上 / MA200上 / MA25上向き / MA75上向き / 売買代金3億円以上 / 100株購入額が資金20%以内,False,False,2026-08-12,4400.0,4395.0,4400.0,4365.0,4460.0,4485.0,3.18,-0.91,False,False,,2026-08-25,4485.0,1.93,時間切れ(10営業日),CLOSED,2026-08-25
2026-08-10,1407,ウエストホールディングス,WATCH,A,83,65,52W_PULLBACK,52W_PULLBACK,rank_candidate,OTHER,分類外,2648.0,264800,14.99,3.2,33.09,0.5,2001912670,52週高値15%以内 / MA25上 / MA75上 / MA200上 / MA25上向き / MA75上向き / 売買代金10億円以上 / 100株購入額が資金10%以内,False,False,2026-08-12,2640.0,2671.0,2803.0,2614.0,2740.0,2662.0,9.28,-3.75,False,False,,2026-08-25,2662.0,0.83,時間切れ(10営業日),CLOSED,2026-08-25
2026-08-11,1377,サカタのタネ,WATCH,A,81,65,MULTI,"52W_PULLBACK,25MA_PULLBACK",rank_candidate,OTHER,分類外,4395.0,439500,4.87,0.76,4.92,0.63,659708825,52週高値7%以内 / MA25上 / MA75上 / MA200上 / MA25上向き / MA75上向き / 売買代金3億円以上 / 100株購入額が資金20%以内,False,False,2026-08-12,4400.0,4395.0,4400.0,4365.0,4460.0,4485.0,3.18,-0.91,False,False,,2026-08-25,4485.0,1.93,時間切れ(10営業日),CLOSED,2026-08-25
2026-08-11,1407,ウエストホールディングス,WATCH,A,83,65,52W_PULLBACK,52W_PULLBACK,rank_candidate,OTHER,分類外,2648.0,264800,14.99,3.2,33.09,0.5,2001912670,52週高値15%以内 / MA25上 / MA75上 / MA200上 / MA25上向き / MA75上向き / 売買代金10億円以上 / 100株購入額が資金10%以内,False,False,2026-08-12,2640.0,2671.0,2803.0,2614.0,2740.0,2662.0,9.28,-3.75,False,False,,2026-08-25,2662.0,0.83,時間切れ(10営業日),CLOSED,2026-08-25
2026-08-12,1377,サカタのタネ,WATCH,A,81,65,MULTI,"52W_PULLBACK,25MA_PULLBACK",rank_candidate,OTHER,分類外,4395.0,439500,4.87,0.6,4.85,0.68,633522450,52週高値7%以内 / MA25上 / MA75上 / MA200上 / MA25上向き / MA75上向き / 売買代金3億円以上 / 100株購入額が資金20%以内,False,False,2026-08-13,4395.0,4400.0,4365.0,4380.0,4455.0,4445.0,3.3,-0.8,False,False,,2026-08-26,4445.0,1.14,時間切れ(10営業日),CLOSED,2026-08-26
2026-08-12,1379,ホクト,WATCH,A,86,77,WATCH,WATCH,recent_new_high,RECENT_NEW_HIGH,直近高値更新,2001.0,200100,4.8,3.67,3.3,1.32,177885825,52週高値7%以内 / MA25上 / MA75上 / MA200上 / MA25上向き / MA75上向き / 売買代金1億円以上 / 出来高増加 / 100株購入額が資金10%以内 / Sゲート未達(52週高値3%超)で最大A,False,True,2026-08-13,2030.0,1977.0,1994.0,2007.0,2051.0,2115.0,4.68,-3.84,False,False,,2026-08-26,2115.0,4.19,時間切れ(10営業日),CLOSED,2026-08-26
2026-08-12,1407,ウエストホールディングス,WATCH,A,83,65,52W_PULLBACK,52W_PULLBACK,rank_candidate,OTHER,分類外,2671.0,267100,14.25,3.53,33.95,0.42,1969654705,52週高値15%以内 / MA25上 / MA75上 / MA200上 / MA25上向き / MA75上向き / 売買代金10億円以上 / 100株購入額が資金10%以内,False,False,2026-08-13,2671.0,2803.0,2614.0,2794.0,2599.0,2721.0,8.01,-4.87,False,False,,2026-08-26,2721.0,1.87,時間切れ(10営業日),CLOSED,2026-08-26
2026-08-13,1377,サカタのタネ,WATCH,A,81,65,MULTI,"52W_PULLBACK,25MA_PULLBACK",rank_candidate,OTHER,分類外,4400.0,440000,4.76,0.57,4.89,0.78,541559650,52週高値7%以内 / MA25上 / MA75上 / MA200上 / MA25上向き / MA75上向き / 売買代金3億円以上 / 100株購入額が資金20%以内,False,False,2026-08-14,4400.0,4365.0,4380.0,4460.0,4500.0,,3.18,-0.91,False,False,,2026-08-27,,,時間切れ(10営業日),CLOSED,2026-08-28
2026-08-13,1379,ホクト,WATCH,A,94,77,MULTI,"25MA_PULLBACK,200MA_TOUCH",swing_high_break,SWING_HIGH_BREAK,直近スイング高値ブレイク,1977.0,197700,5.95,2.29,2.03,1.43,189708915,52週高値7%以内 / MA25上 / MA75上 / MA200上 / MA25上向き / MA75上向き / MA200タッチ±3% / 売買代金1億円以上 / 出来高増加 / 100株購入額が資金10%以内 / Sゲート未達(52週高値3%超)で最大A,False,True,2026-08-14,1970.0,1994.0,2007.0,2024.0,2109.0,,7.87,-0.91,False,False,,2026-08-27,,,時間切れ(10営業日),CLOSED,2026-08-28
2026-08-13,1407,ウエストホールディングス,WATCH,A,83,65,52W_PULLBACK,52W_PULLBACK,recent_near_high,RECENT_NEAR_HIGH,直近高値接近,2803.0,280300,10.02,7.77,40.21,0.42,1948788510,52週高値15%以内 / MA25上 / MA75上 / MA200上 / MA25上向き / MA75上向き / 売買代金10億円以上 / 100株購入額が資金10%以内,False,False,2026-08-14,2803.0,2614.0,,,,,0.78,-7.67,True,False,STOP,2026-08-14,2606.8,-7.0,損切り(-7%),CLOSED,2026-08-14
2026-08-14,1379,ホクト,WATCH,A,94,77,MULTI,"25MA_PULLBACK,200MA_TOUCH",recent_near_high,RECENT_NEAR_HIGH,直近高値接近,1994.0,199400,5.14,3.0,2.88,1.4,193176315,52週高値7%以内 / MA25上 / MA75上 / MA200上 / MA25上向き / MA75上向き / MA200タッチ±3% / 売買代金1億円以上 / 出来高増加 / 100株購入額が資金10%以内 / Sゲート未達(52週高値3%超・出来高が20日平均以下)で最大A,False,True,2026-08-17,1969.0,2007.0,2024.0,2051.0,2112.0,,8.48,-0.3,False,False,,2026-08-28,,,時間切れ(10営業日),CLOSED,2026-08-29
2026-08-17,1379,ホクト,WATCH,A,86,77,WATCH,WATCH,recent_near_high,RECENT_NEAR_HIGH,直近高値接近,2007.0,200700,4.52,3.47,3.52,1.43,200541270,52週高値7%以内 / MA25上 / MA75上 / MA200上 / MA25上向き / MA75上向き / 売買代金1億円以上 / 出来高増加 / 100株購入額が資金10%以内 / Sゲート未達(52週高値3%超)で最大A,False,True,2026-08-18,2000.0,2024.0,2051.0,2109.0,2111.0,,6.8,-0.7,False,False,,2026-08-31,,,時間切れ(10営業日),CLOSED,2026-09-01
2026-08-17,1407,ウエストホールディングス,WATCH,A,83,65,52W_PULLBACK,52W_PULLBACK,recent_near_high,RECENT_NEAR_HIGH,直近高値接近,2794.0,279400,10.3,5.96,39.07,0.63,1512738010,52週高値15%以内 / MA25上 / MA75上 / MA200上 / MA25上向き / MA75上向き / 売買代金10億円以上 / 100株購入額が資金10%以内,False,False,2026-08-18,2800.0,2740.0,2599.0,,,,1.46,-7.36,True,False,STOP,2026-08-19,2604.0,-7.0,損切り(-7%),CLOSED,2026-08-19
2026-08-18,1377,サカタのタネ,WATCH,A,81,65,MULTI,"52W_PULLBACK,25MA_PULLBACK",rank_candidate,OTHER,分類外,4460.0,446000,3.46,1.65,6.14,0.84,489936275,52週高値7%以内 / MA25上 / MA75上 / MA200上 / MA25上向き / MA75上向き / 売買代金3億円以上 / 100株購入額が資金20%以内,False,False,2026-08-19,4455.0,4455.0,4500.0,4525.0,4485.0,4415.0,1.91,-2.36,False,False,,2026-09-01,4415.0,-0.9,時間切れ(10営業日),CLOSED,2026-09-01
2026-08-18,1379,ホクト,WATCH,A,86,77,WATCH,WATCH,recent_near_high,RECENT_NEAR_HIGH,直近高値接近,2024.0,202400,3.71,4.12,4.35,1.45,203384630,52週高値7%以内 / MA25上 / MA75上 / MA200上 / MA25上向き / MA75上向き / 売買代金1億円以上 / 出来高増加 / 100株購入額が資金10%以内 / Sゲート未達(52週高値3%超・出来高が20日平均以下)で最大A,False,True,2026-08-19,2037.0,2051.0,2109.0,2112.0,2111.0,2177.0,7.12,-0.69,False,False,,2026-09-01,2177.0,6.87,時間切れ(10営業日),CLOSED,2026-09-01
2026-08-18,1407,ウエストホールディングス,WATCH,A,83,65,MULTI,"52W_PULLBACK,25MA_PULLBACK",rank_candidate,OTHER,分類外,2740.0,274000,12.04,2.99,36.04,0.69,1399786135,52週高値15%以内 / MA25上 / MA75上 / MA200上 / MA25上向き / MA75上向き / 売買代金10億円以上 / 100株購入額が資金10%以内,False,False,2026-08-19,2768.0,2599.0,2722.0,,,,0.4,-8.2,True,False,STOP,2026-08-20,2574.2,-7.0,損切り(-7%),CLOSED,2026-08-20
2026-08-19,1377,サカタのタネ,WATCH,A,81,65,MULTI,"52W_PULLBACK,25MA_PULLBACK",rank_candidate,OTHER,分類外,4455.0,445500,3.57,1.47,5.95,0.81,481673075,52週高値7%以内 / MA25上 / MA75上 / MA200上 / MA25上向き / MA75上向き / 売買代金3億円以上 / 100株購入額が資金20%以内,False,False,2026-08-20,4480.0,4500.0,4525.0,4480.0,4445.0,4395.0,1.34,-2.9,False,False,,2026-09-02,4395.0,-1.9,時間切れ(10営業日),CLOSED,2026-09-02
2026-08-19,1379,ホクト,WATCH,A,91,88,52W_MOMENTUM,52W_MOMENTUM,recent_near_high,RECENT_NEAR_HIGH,直近高値接近,2051.0,205100,2.43,5.21,5.7,1.1,208983365,52週高値3%以内 / MA25上 / MA75上 / MA200上 / MA25上向き / MA75上向き / 売買代金1億円以上 / 出来高増加 / 100株購入額が資金10%以内 / 決算未確認で最大A,True,True,2026-08-20,2080.0,2109.0,2112.0,2111.0,2115.0,2177.0,4.9,-0.53,False,False,,2026-09-02,2177.0,4.66,時間切れ(10営業日),CLOSED,2026-09-02
2026-08-20,1377,サカタのタネ,WATCH,A,86,77,MULTI,"52W_MOMENTUM,52W_PULLBACK,25MA_PULLBACK",recent_near_high,RECENT_NEAR_HIGH,直近高値接近,4500.0,450000,2.6,2.44,6.94,0.81,483068450,52週高値3%以内 / MA25上 / MA75上 / MA200上 / MA25上向き / MA75上向き / 売買代金3億円以上 / 100株購入額が資金20%以内 / Sゲート未達(出来高が20日平均以下)で最大A,True,False,2026-08-21,4500.0,4525.0,4480.0,4485.0,4395.0,,0.89,-3.33,False,False,,2026-09-03,,,時間切れ(10営業日),CLOSED,2026-09-04
2026-08-20,1379,ホクト,WATCH,A,98,77,52W_BREAKOUT,52W_BREAKOUT,52w_near_high,52W_NEAR_HIGH,52週高値接近,2109.0,210900,0.0,7.78,8.63,1.08,220887540,52週高値3%以内 / MA25上 / MA75上 / MA200上 / MA25上向き / MA75上向き / 52週高値更新3日以内 / 売買代金1億円以上 / 100株購入額が資金10%以内 / 決算未確認で最大A,True,False,2026-08-21,2108.0,2112.0,2111.0,2111.0,2121.0,,3.51,-0.76,False,False,,2026-09-03,,,時間切れ(10営業日),CLOSED,2026-09-04
2026-08-20,1407,ウエストホールディングス,WATCH,A,83,65,MULTI,"52W_PULLBACK,25MA_PULLBACK",rank_candidate,OTHER,分類外,2722.0,272200,12.62,1.04,34.45,0.91,1200867450,52週高値15%以内 / MA25上 / MA75上 / MA200上 / MA25上向き / MA75上向き / 売買代金10億円以上 / 100株購入額が資金10%以内,False,False,2026-08-21,2655.5,2808.5,2801.6,2627.8,2692.0,,7.25,-12.45,True,False,STOP,2026-09-02,2469.6,-7.0,損切り(-7%),CLOSED,2026-09-02
2026-08-21,1301,極洋,WATCH,A,76,65,200MA_TOUCH,200MA_TOUCH,recent_near_high,RECENT_NEAR_HIGH,直近高値接近,4785.0,478500,12.04,4.1,0.75,0.77,237955125,52週高値15%以内 / MA25上 / MA75上 / MA200上 / MA25上向き / MA75上向き / MA200タッチ±3% / 売買代金1億円以上 / 100株購入額が資金20%以内,False,False,2026-08-24,4800.0,4755.0,4750.0,4765.0,4775.0,4665.0,0.42,-4.17,False,False,,2026-09-04,4665.0,-2.81,時間切れ(10営業日),CLOSED,2026-09-04
2026-08-21,1377,サカタのタネ,WATCH,A,86,77,MULTI,"52W_MOMENTUM,52W_PULLBACK,25MA_PULLBACK",recent_near_high,RECENT_NEAR_HIGH,直近高値接近,4525.0,452500,2.06,2.86,7.48,0.81,479233750,52週高値3%以内 / MA25上 / MA75上 / MA200上 / MA25上向き / MA75上向き / 売買代金3億円以上 / 100株購入額が資金20%以内 / Sゲート未達(出来高が20日平均以下)で最大A,True,False,2026-08-24,4525.0,4480.0,4485.0,4445.0,4380.0,4345.0,0.33,-4.42,False,False,,2026-09-04,4345.0,-3.98,時間切れ(10営業日),CLOSED,2026-09-04
2026-08-21,1379,ホクト,WATCH,A,98,77,52W_BREAKOUT,52W_BREAKOUT,52w_near_high,52W_NEAR_HIGH,52週高値接近,2112.0,211200,0.0,7.54,8.72,1.08,229668430,52週高値3%以内 / MA25上 / MA75上 / MA200上 / MA25上向き / MA75上向き / 52週高値更新3日以内 / 売買代金1億円以上 / 100株購入額が資金10%以内 / Sゲート未達(出来高が20日平均以下)で最大A,True,False,2026-08-24,2115.0,2111.0,2111.0,2115.0,2116.0,2135.0,3.17,-1.09,False,False,,2026-09-04,2135.0,0.95,時間切れ(10営業日),CLOSED,2026-09-04
2026-08-21,1407,ウエストホールディングス,WATCH,A,75,65,52W_PULLBACK,52W_PULLBACK,recent_near_high,RECENT_NEAR_HIGH,直近高値接近,2845.0,284500,8.67,5.54,40.12,0.92,1209251275,52週高値15%以内 / MA25上 / MA75上 / MA200上 / MA25上向き / 売買代金10億円以上 / 100株購入額が資金10%以内,False,False,2026-08-24,2759.1,2801.6,2627.8,2686.1,2760.0,,2.93,-15.73,True,False,STOP,2026-09-02,2566.0,-7.0,損切り(-7%),CLOSED,2026-09-02
2026-08-24,1301,極洋,WATCH,A,76,65,200MA_TOUCH,200MA_TOUCH,recent_new_high,RECENT_NEW_HIGH,直近高値更新,4755.0,475500,12.59,3.23,0.14,0.78,240070650,52週高値15%以内 / MA25上 / MA75上 / MA200上 / MA25上向き / MA75上向き / MA200タッチ±3% / 売買代金1億円以上 / 100株購入額が資金20%以内,False,False,2026-08-25,4790.0,4750.0,4765.0,4760.0,4760.0,,0.52,-3.97,False,False,,,,,,OPEN,2026-09-04
2026-08-24,1377,サカタのタネ,WATCH,A,81,65,MULTI,"52W_PULLBACK,25MA_PULLBACK",recent_near_high,RECENT_NEAR_HIGH,直近高値接近,4480.0,448000,3.03,1.75,6.35,0.84,476122400,52週高値7%以内 / MA25上 / MA75上 / MA200上 / MA25上向き / MA75上向き / 売買代金3億円以上 / 100株購入額が資金20%以内,False,False,2026-08-25,4495.0,4485.0,4445.0,4395.0,4350.0,,0.56,-3.78,False,False,,,,,,OPEN,2026-09-04
2026-08-24,1379,ホクト,WATCH,A,98,77,52W_MOMENTUM,52W_MOMENTUM,52w_near_high,52W_NEAR_HIGH,52週高値接近,2111.0,211100,0.05,7.08,8.61,1.03,236176095,52週高値3%以内 / MA25上 / MA75上 / MA200上 / MA25上向き / MA75上向き / 52週高値更新3日以内 / 売買代金1億円以上 / 100株購入額が資金10%以内 / Sゲート未達(出来高が20日平均以下)で最大A,True,False,2026-08-25,2111.0,2111.0,2115.0,2121.0,2179.0,,3.36,-0.52,False,False,,,,,,OPEN,2026-09-04
2026-08-24,1407,ウエストホールディングス,WATCH,A,75,65,52W_PULLBACK,52W_PULLBACK,recent_near_high,RECENT_NEAR_HIGH,直近高値接近,2838.0,283800,8.89,5.14,39.35,0.93,1179770555,52週高値15%以内 / MA25上 / MA75上 / MA200上 / MA25上向き / 売買代金10億円以上 / 100株購入額が資金10%以内,False,False,2026-08-25,2702.9,2627.8,2686.1,2692.0,2625.0,,3.04,-13.98,True,False,STOP,2026-09-02,2513.7,-7.0,損切り(-7%),CLOSED,2026-09-02
2026-08-25,1301,極洋,WATCH,A,76,65,MULTI,"25MA_PULLBACK,200MA_TOUCH",recent_near_high,RECENT_NEAR_HIGH,直近高値接近,4750.0,475000,12.68,2.91,0.05,0.71,238115325,52週高値15%以内 / MA25上 / MA75上 / MA200上 / MA25上向き / MA75上向き / MA200タッチ±3% / 売買代金1億円以上 / 100株購入額が資金20%以内,False,False,2026-08-26,4750.0,4765.0,4760.0,4775.0,4730.0,,1.37,-3.16,False,False,,,,,,OPEN,2026-09-04
2026-08-25,1377,サカタのタネ,WATCH,A,86,77,MULTI,"52W_MOMENTUM,52W_PULLBACK,25MA_PULLBACK",recent_near_high,RECENT_NEAR_HIGH,直近高値接近,4485.0,448500,2.92,1.75,6.4,0.81,472989600,52週高値3%以内 / MA25上 / MA75上 / MA200上 / MA25上向き / MA75上向き / 売買代金3億円以上 / 100株購入額が資金20%以内 / Sゲート未達(出来高が20日平均以下)で最大A,True,False,2026-08-26,4485.0,4445.0,4395.0,4380.0,4415.0,,0.45,-3.57,False,False,,,,,,OPEN,2026-09-04
2026-08-25,1379,ホクト,WATCH,A,98,77,52W_MOMENTUM,52W_MOMENTUM,52w_near_high,52W_NEAR_HIGH,52週高値接近,2111.0,211100,0.05,6.68,8.54,1.05,236438840,52週高値3%以内 / MA25上 / MA75上 / MA200上 / MA25上向き / MA75上向き / 52週高値更新3日以内 / 売買代金1億円以上 / 100株購入額が資金10%以内 / Sゲート未達(出来高が20日平均以下)で最大A,True,False,2026-08-26,2111.0,2115.0,2121.0,2116.0,2177.0,,3.36,-0.52,False,False,,,,,,OPEN,2026-09-04
2026-08-26,1301,極洋,WATCH,A,76,65,200MA_TOUCH,200MA_TOUCH,recent_near_high,RECENT_NEAR_HIGH,直近高値接近,4765.0,476500,12.41,3.02,0.37,0.63,237885975,52週高値15%以内 / MA25上 / MA75上 / MA200上 / MA25上向き / MA75上向き / MA200タッチ±3% / 売買代金1億円以上 / 100株購入額が資金20%以内,False,False,2026-08-27,4765.0,4760.0,4775.0,4760.0,4700.0,,1.05,-3.46,False,False,,,,,,OPEN,2026-09-04
2026-08-26,1377,サカタのタネ,WATCH,A,81,65,MULTI,"52W_PULLBACK,25MA_PULLBACK",rank_candidate,OTHER,分類外,4445.0,444500,3.79,0.8,5.39,0.8,471945675,52週高値7%以内 / MA25上 / MA75上 / MA200上 / MA25上向き / MA75上向き / 売買代金3億円以上 / 100株購入額が資金20%以内,False,False,2026-08-27,4445.0,4395.0,4380.0,4350.0,4395.0,,0.0,-2.7,False,False,,,,,,OPEN,2026-09-04
2026-08-26,1379,ホクト,WATCH,A,98,77,MULTI,"52W_BREAKOUT,52W_PULLBACK",52w_new_high,52W_NEW_HIGH,52週新高値,2115.0,211500,0.0,6.48,8.67,0.98,234788495,52週高値3%以内 / MA25上 / MA75上 / MA200上 / MA25上向き / MA75上向き / 52週高値更新3日以内 / 売買代金1億円以上 / 100株購入額が資金10%以内 / Sゲート未達(出来高が20日平均以下)で最大A,True,False,2026-08-27,2110.0,2121.0,2116.0,2179.0,2177.0,,3.41,-0.47,False,False,,,,,,OPEN,2026-09-04
2026-08-26,1407,ウエストホールディングス,WATCH,A,80,77,MULTI,"52W_PULLBACK,25MA_PULLBACK",rank_candidate,OTHER,分類外,2721.0,272100,12.65,1.08,32.87,1.19,1183001560,52週高値15%以内 / MA25上 / MA75上 / MA200上 / MA25上向き / 売買代金10億円以上 / 出来高増加 / 100株購入額が資金10%以内,False,True,2026-08-27,2726.6,2692.0,2760.0,2625.0,2404.0,,2.14,-14.73,True,False,STOP,2026-09-02,2535.7,-7.0,損切り(-7%),CLOSED,2026-09-02
2026-08-28,1301,極洋,WATCH,A,76,65,200MA_TOUCH,200MA_TOUCH,recent_near_high,RECENT_NEAR_HIGH,直近高値接近,4765.0,476500,12.41,3.02,0.37,0.63,237885975,52週高値15%以内 / MA25上 / MA75上 / MA200上 / MA25上向き / MA75上向き / MA200タッチ±3% / 売買代金1億円以上 / 100株購入額が資金20%以内,False,False,2026-08-31,4775.0,4760.0,4730.0,4700.0,4665.0,,0.84,-3.66,False,False,,,,,,OPEN,2026-09-04
2026-08-28,1377,サカタのタネ,WATCH,A,81,65,MULTI,"52W_PULLBACK,25MA_PULLBACK",rank_candidate,OTHER,分類外,4445.0,444500,3.79,0.8,5.39,0.8,471945675,52週高値7%以内 / MA25上 / MA75上 / MA200上 / MA25上向き / MA75上向き / 売買代金3億円以上 / 100株購入額が資金20%以内,False,False,2026-08-31,4375.0,4350.0,4415.0,4395.0,4345.0,,1.37,-1.14,False,False,,,,,,OPEN,2026-09-04
2026-08-28,1379,ホクト,WATCH,A,98,77,MULTI,"52W_BREAKOUT,52W_PULLBACK",52w_new_high,52W_NEW_HIGH,52週新高値,2115.0,211500,0.0,6.48,8.67,0.98,234788495,52週高値3%以内 / MA25上 / MA75上 / MA200上 / MA25上向き / MA75上向き / 52週高値更新3日以内 / 売買代金1億円以上 / 100株購入額が資金10%以内 / Sゲート未達(出来高が20日平均以下)で最大A,True,False,2026-08-31,2116.0,2179.0,2177.0,2177.0,2135.0,,3.12,-0.14,False,False,,,,,,OPEN,2026-09-04
2026-08-28,1407,ウエストホールディングス,WATCH,A,80,77,MULTI,"52W_PULLBACK,25MA_PULLBACK",rank_candidate,OTHER,分類外,2721.0,272100,12.65,1.08,32.87,1.19,1183001560,52週高値15%以内 / MA25上 / MA75上 / MA200上 / MA25上向き / 売買代金10億円以上 / 出来高増加 / 100株購入額が資金10%以内,False,True,2026-08-31,2710.0,2625.0,2662.0,2404.0,,,1.0,-14.21,True,False,STOP,2026-09-02,2520.3,-7.0,損切り(-7%),CLOSED,2026-09-02
2026-08-29,1301,極洋,WATCH,A,76,65,MULTI,"25MA_PULLBACK,200MA_TOUCH",recent_near_high,RECENT_NEAR_HIGH,直近高値接近,4760.0,476000,12.5,2.71,0.27,0.65,232880875,52週高値15%以内 / MA25上 / MA75上 / MA200上 / MA25上向き / MA75上向き / MA200タッチ±3% / 売買代金1億円以上 / 100株購入額が資金20%以内,False,False,2026-08-31,4775.0,4760.0,4730.0,4700.0,4665.0,,0.84,-3.66,False,False,,,,,,OPEN,2026-09-04
2026-08-29,1379,ホクト,WATCH,A,98,77,MULTI,"52W_BREAKOUT,52W_PULLBACK",52w_new_high,52W_NEW_HIGH,52週新高値,2121.0,212100,0.0,6.38,8.9,0.8,226200200,52週高値3%以内 / MA25上 / MA75上 / MA200上 / MA25上向き / MA75上向き / 52週高値更新3日以内 / 売買代金1億円以上 / 100株購入額が資金10%以内 / Sゲート未達(出来高が20日平均以下)で最大A,True,False,2026-08-31,2116.0,2179.0,2177.0,2177.0,2135.0,,3.12,-0.14,False,False,,,,,,OPEN,2026-09-04
2026-08-29,1407,ウエストホールディングス,WATCH,A,80,77,MULTI,"52W_PULLBACK,25MA_PULLBACK",rank_candidate,OTHER,分類外,2727.0,272700,12.46,1.17,32.76,1.25,1194781970,52週高値15%以内 / MA25上 / MA75上 / MA200上 / MA25上向き / 売買代金10億円以上 / 出来高増加 / 100株購入額が資金10%以内,False,True,2026-08-31,2710.0,2625.0,2662.0,2404.0,,,1.0,-14.21,True,False,STOP,2026-09-02,2520.3,-7.0,損切り(-7%),CLOSED,2026-09-02
2026-09-01,1301,極洋,WATCH,A,76,65,MULTI,"25MA_PULLBACK,200MA_TOUCH",recent_near_high,RECENT_NEAR_HIGH,直近高値接近,4775.0,477500,12.22,2.77,0.58,0.62,230778825,52週高値15%以内 / MA25上 / MA75上 / MA200上 / MA25上向き / MA75上向き / MA200タッチ±3% / 売買代金1億円以上 / 100株購入額が資金20%以内,False,False,2026-09-02,4720.0,4700.0,4665.0,4665.0,,,0.21,-2.54,False,False,,,,,,OPEN,2026-09-04
2026-09-01,1377,サカタのタネ,WATCH,A,73,65,MULTI,"52W_PULLBACK,25MA_PULLBACK",recent_near_high,RECENT_NEAR_HIGH,直近高値接近,4415.0,441500,4.44,0.18,4.47,0.93,393604525,52週高値7%以内 / MA25上 / MA75上 / MA200上 / MA75上向き / 売買代金3億円以上 / 100株購入額が資金20%以内,False,False,2026-09-02,4390.0,4395.0,4400.0,4345.0,,,1.03,-1.48,False,False,,,,,,OPEN,2026-09-04
2026-09-01,1379,ホクト,WATCH,A,98,77,MULTI,"52W_MOMENTUM,52W_PULLBACK",52w_near_high,52W_NEAR_HIGH,52週高値接近,2116.0,211600,0.24,5.74,8.57,0.79,219847460,52週高値3%以内 / MA25上 / MA75上 / MA200上 / MA25上向き / MA75上向き / 52週高値更新3日以内 / 売買代金1億円以上 / 100株購入額が資金10%以内 / Sゲート未達(出来高が20日平均以下)で最大A,True,False,2026-09-02,2177.0,2177.0,2160.0,2135.0,,,0.14,-2.16,False,False,,,,,,OPEN,2026-09-04
2026-09-01,1407,ウエストホールディングス,WATCH,A,80,77,MULTI,"52W_PULLBACK,25MA_PULLBACK",rank_candidate,OTHER,分類外,2760.0,276000,11.4,2.3,33.95,1.22,1158918470,52週高値15%以内 / MA25上 / MA75上 / MA200上 / MA25上向き / 売買代金10億円以上 / 出来高増加 / 100株購入額が資金10%以内,False,True,2026-09-02,2598.0,2404.0,,,,,0.08,-10.51,True,False,STOP,2026-09-02,2416.1,-7.0,損切り(-7%),CLOSED,2026-09-02
2026-09-02,1379,ホクト,WATCH,A,98,77,MULTI,"52W_MOMENTUM,52W_PULLBACK",52w_near_high,52W_NEAR_HIGH,52週高値接近,2177.0,217700,0.09,7.32,11.41,0.99,241641525,52週高値3%以内 / MA25上 / MA75上 / MA200上 / MA25上向き / MA75上向き / 52週高値更新3日以内 / 売買代金1億円以上 / 100株購入額が資金10%以内 / Sゲート未達(出来高が20日平均以下)で最大A,True,False,2026-09-03,2170.0,2160.0,2135.0,,,,0.32,-1.84,False,False,,,,,,OPEN,2026-09-04
2026-09-04,1379,ホクト,WATCH,A,98,77,MULTI,"52W_MOMENTUM,52W_PULLBACK",52w_near_high,52W_NEAR_HIGH,52週高値接近,2177.0,217700,0.09,7.32,11.41,0.99,241641525,52週高値3%以内 / MA25上 / MA75上 / MA200上 / MA25上向き / MA75上向き / 52週高値更新3日以内 / 売買代金1億円以上 / 100株購入額が資金10%以内 / Sゲート未達(出来高が20日平均以下)で最大A,True,False,,,,,,,,,,,,,,,,,PENDING,2026-09-04
